{"columns":["Stadium Code","Name","City","State","Capacity","Surface","Year Opened","Longitude","Latitude"],"index":[0,1,2,3,4,5,6,7,8,9,10,11,12,13,14,15,16,17,18,19,20,21,22,23,24,25,26,27,28,29,30,31,32,33,34,35,36,37,38,39,40,41,42,43,44,45,46,47,48,49,50,51,52,53,54,55,56,57,58,59,60,61,62,63,64,65,66,67,68,69,70,71,72,73,74,75,76,77,78,79,80,81,82,83,84,85,86,87,88,89,90,91,92,93,94,95,96,97,98,99,100,101,102,103,104,105,106,107,108,109,110,111,112,113,114,115,116,117,118,119,120,121,122,123,124,125,126,127,128,129,130,131,132,133,134,135,136,137,138,139,140,141,142,143,144,145,146,147,148,149,150,151,152,153,154,155,156,157,158,159,160,161,162,163],"data":[[1,"Jordan-Hare Stadium","Auburn","AL",87451,"Grass",1939,-85.4807825,32.6098566],[2,"Legion Field","Birmingham","AL",71594,"FieldTurf",1927,-1.9026911,52.4796992],[3,"Ladd-Peebles Stadium","Mobile","AL",40646,"FieldTurf",1948,-88.0430541,30.6943566],[4,"Movie Gallery Veterans Stadium","Troy","AL",30000,"AstroPlay",1950,26.238017461,39.95737395],[5,"Bryant-Denny Stadium","Tuscaloosa","AL",101821,"Grass",1929,-87.5675258,33.2095614],[6,"Donald W. Reynolds Razorback Stadium","Fayetteville","AR",72000,"Sportexe PowerBlade",1938,-94.1574328,36.0625843],[7,"ASU Stadium","Jonesboro","AR",30964,"FieldTurf",1974,-90.7034522,35.8428646],[8,"War Memorial Stadium","Little Rock","AR",53727,"FieldTurf",1948,-92.2896267,34.7465071],[145,"University of Phoenix Stadium","Glendale","AZ",73000,"Grass",2006,-118.2478471,34.1469416],[9,"Chase Field","Phoenix","AZ",42915,"Grass",1995,-112.0741417,33.4484367],[10,"Sun Devil Stadium","Tempe","AZ",71706,"Grass",1958,-111.9400091,33.4255056],[11,"Arizona Stadium","Tucson","AZ",57400,"Grass",1929,-110.9748477,32.2228765],[12,"Memorial Stadium","Berkeley","CA",63000,"Sportexe Momentum",1923,-122.2396336492,37.8753497],[13,"Bulldog Stadium","Fresno","CA",41000,"Grass",1980,-119.7088612608,36.7295295],[14,"LA Coliseum","Los Angeles","CA",92000,"Grass",1923,-118.242766,34.0536909],[15,"Rose Bowl","Pasadena","CA",91136,"Grass",1922,-118.1444779,34.1476452],[16,"Qualcomm Stadium","San Diego","CA",71294,"Grass",1967,-117.1627728,32.7174202],[17,"AT&T Park","San Francisco","CA",37000,"Grass",2000,-122.419906,37.7790262],[161,"Candlestick Park","San Francisco","CA",69732,"Grass",1960,-122.419906,37.7790262],[18,"Spartan Stadium","San Jose","CA",30000,"Grass",1933,-121.890583,37.3361905],[19,"Stanford Stadium","Stanford","CA",50000,"Grass",1921,-122.1702925841,37.4265407],[20,"Folsom Field","Boulder","CO",53245,"Grass",1924,-105.270545,40.0149856],[21,"Falcon Stadium","Colorado Springs","CO",46692,"FieldTurf",1962,-104.825348,38.8339578],[22,"Invesco Field at Mile High","Denver","CO",76125,"Grass",2001,-104.9848623,39.7392364],[23,"Hughes Stadium","Fort Collins","CO",30000,"FieldTurf",1963,-105.0668085,40.5508527],[24,"Nottingham Field","Greeley","CO",6500,"Grass",1995,-104.7091322,40.4233142],[25,"Rentschler Field","Hartford","CT",40000,"Grass",2003,-72.6908547,41.764582],[150,"R.F.K. Stadium","Washington","DC",55672,"Grass",1961,-77.0365427,38.8950368],[159,"FAU Stadium","Boca Raton","FL",30000,"Grass",2011,-80.0830984,26.3586885],[27,"Ben Hill Griffin Stadium at Florida Field","Gainesville","FL",88548,"Grass",1930,-82.3249846,29.6519684],[28,"Jacksonville Municipal Stadium","Jacksonville","FL",73800,"Grass",1946,-81.655651,30.3321838],[31,"FIU Stadium","Miami","FL",17000,"AstroPlay",1995,-80.19362,25.7741728],[29,"Orange Bowl","Miami","FL",72319,"Grass",1937,-80.19362,25.7741728],[30,"Sun Life Stadium","Miami","FL",75235,"Grass",1987,-80.19362,25.7741728],[146,"Bright House Networks Stadium","Orlando","FL",45301,"Grass",2007,-81.3790304,28.5421109],[32,"Citrus Bowl","Orlando","FL",65438,"Grass",1947,-81.3790304,28.5421109],[151,"Tropicana Field","St. Petersburg","FL",45000,"FieldTurf",1990,30.316229,59.938732],[34,"Bragg Memorial Stadium","Tallahassee","FL",25500,"Grass",1957,-84.2809332,30.4380832],[33,"Doak Campbell Stadium","Tallahassee","FL",80000,"Grass",1950,-84.2809332,30.4380832],[35,"Raymond James Stadium","Tampa","FL",41441,"Grass",1998,-82.458444,27.9477595],[36,"Sanford Stadium","Athens","GA",92746,"Grass",1929,23.7283052,37.9839412],[37,"Bobby Dodd Stadium","Atlanta","GA",55000,"Grass",1913,-84.3902644,33.7489924],[38,"Georgia Dome","Atlanta","GA",71250,"FieldTurf",1992,-84.3902644,33.7489924],[39,"Aloha Stadium","Honolulu","HI",50000,"FieldTurf",1975,-157.855676,21.304547],[40,"Trice Stadium","Ames","IA",50000,"Grass",1975,2.4086536,50.536715],[41,"Kinnick Stadium","Iowa City","IA",70000,"FieldTurf",1929,-91.5299106,41.6612561],[42,"Bronco Stadium","Boise","ID",37000,"AstroPlay",1970,-116.200886,43.6166163],[43,"Kibbie Dome","Moscow","ID",15820,"AstroTurf",1975,37.6174943,55.7504461],[44,"Memorial Stadium","Champaign","IL",70000,"AstroPlay",1924,-88.2430932,40.1164841],[147,"Soldier Field","Chicago","IL",61500,"Grass",1924,-87.6244212,41.8755616],[156,"Wrigley Field","Chicago","IL",46000,"Grass",1914,-87.6244212,41.8755616],[45,"Huskie Stadium","De Kalb","IL",30076,"FieldTurf",1965,-75.273822,44.5050607],[46,"Ryan Field","Evanston","IL",49256,"Grass",1926,-87.6930459,42.0447388],[47,"Memorial Stadium","Bloomington","IN",52000,"AstroPlay",1960,-86.5342881,39.1670396],[162,"Lucas Oil Stadium","Indianapolis","IN",63000,"FieldTurf",2008,-86.1583502,39.7683331],[48,"Scheumann Stadium","Munice","IN",22500,"FieldTurf",1967,14.4062797,49.0632428],[49,"Notre Dame Stadium","South Bend","IN",80795,"Grass",1930,-86.2500066,41.6833813],[50,"Ross-Ade Stadium","West Lafayette","IN",68000,"Grass",1924,-86.9080655,40.4258686],[51,"Memorial Stadium","Lawrence","KS",50250,"AstroPlay",1921,-95.2359496,38.9719384],[52,"Bill Snyder Family","Manhattan","KS",50300,"FieldTurf",1968,-73.9598939,40.7896239],[148,"L.T. Smith Stadium","Bowling Green","KY",17500,"AstroPlay",1968,-86.4436018,36.9903199],[53,"Commonwealth Stadium","Lexington","KY",67606,"Grass",1973,-84.4970393,38.0464066],[54,"Papa John's Cardinal Stadium","Louisville","KY",42000,"FieldTurf",1998,-85.759407,38.2542376],[152,"Roy Kidd Stadium","Richmond","KY",22000,"Grass",1969,-77.43428,37.5385087],[55,"Tiger Stadium","Baton Rouge","LA",92400,"Grass",1924,-91.18738,30.4459596],[56,"Cajun Field","Lafayette","LA",31000,"Grass",1971,-92.0198427,30.2240897],[57,"Malone Stadium","Monroe","LA",30427,"ProPlay",1978,-90.1792484,38.2722313],[58,"Louisiana Superdome","New Orleans","LA",69082,"FieldTurf",1975,-90.0782127,29.9759983],[59,"Joe Aillet Stadium","Ruston","LA",30000,"FieldTurf",1968,-92.637927,32.5232053],[60,"Independence Stadium","Shreveport","LA",53000,"AstroPlay",1976,-93.7651944,32.5221828],[61,"Alumni Stadium","Chestnut Hill","MA",44500,"FieldTurf",1957,-71.1661647,42.3306529],[163,"Gillette Stadium","Foxborough","MA",68756,"FieldTurf",2002,-71.2478308,42.0653768],[62,"Navy-Marine Corps Memorial Stadium","Annapolis","MD",35000,"FieldTurf",1959,-76.492786,38.9786401],[63,"M&T Bank Stadium","Baltimore","MD",69084,"Sportexe Momentum",1998,-76.610759,39.2908816],[64,"Byrd Stadium","College Park","MD",62000,"Grass",1950,-76.946102902,38.99203005],[65,"FedEx Field","Landover","MD",80116,"Grass",1997,-76.8815433044,38.92531295],[66,"Michigan Stadium","Ann Arbor","MI",107501,"FieldTurf",1927,-83.7312291,42.2681569],[67,"Ford Field","Detroit","MI",65000,"FieldTurf",2002,-83.0466403,42.3315509],[68,"Spartan Stadium","East Lansing","MI",73000,"Grass",1923,-84.4721678,42.7320307],[69,"Waldo Stadium","Kalamazoo","MI",30200,"FieldTurf",1937,-85.5872286,42.291707],[70,"Kelly\/Shorts Stadium","Mount Pleasant","MI",30199,"FieldTurf",1972,-94.9694007,33.1570582],[71,"Rynearson Stadium","Ypsilanti","MI",30200,"FieldTurf",1969,-83.613055,42.2410562],[72,"Metrodome","Minneapolis","MN",65000,"FieldTurf",1982,-93.2654692,44.9772995],[153,"TCF Bank Stadium","Minneapolis","MN",50805,"FieldTurf",2009,-93.2654692,44.9772995],[73,"Faurot Field","Columbia","MO",62000,"FieldTurf",1927,-72.9088133,4.099917],[74,"Arrowhead Stadium","Kansas City",